{"cameraMode":{"drawMode":0,"name":"Shaded","section":"Shading Mode"},"sceneLighting":false,"audioPlay":false,"sceneViewState":{"m_AlwaysRefresh":false,"showFog":true,"showSkybox":false,"showFlares":true,"showImageEffects":true,"showParticleSystems":true,"showVisualEffectGraphs":true,"m_FxEnabled":true},"in2DMode":false,"pivot":{"x":-0.35600000619888308,"y":0.9419000148773193,"z":1.4850000143051148},"rotation":{"x":-0.156098872423172,"y":0.7404197454452515,"z":-0.18426690995693208,"w":-0.6273201704025269},"size":0.09940365701913834,"orthographic":false}